#{"t_start": 1684849353.9995315, "env_id": "CarRacing-v2"}
r,l,t
-18.604651,1000,113.83426
-82.517483,1000,861.509907
