#{"t_start": 1684941039.4900725, "env_id": "CarRacing-v2"}
r,l,t
-37.931034,1000,1092.968447
-25.78125,1000,2477.357939
